"staff_id","average_transaction_value"
"EMP1","500000.000000000000"
"EMP2","525000.000000000000"
"EMP3","625000.000000000000"
"EMP4","575000.000000000000"
"EMP5","600000.000000000000"
"EMP6","625000.000000000000"
"EMP7","687500.000000000000"
"EMP8","675000.000000000000"
